CHROM	POS	ID	abspos
chr1	4705128	rs1367324857	4705128
chr1	65897020	rs544944666	65897020
chr1	117960377	rs1315646	117960377
chr1	188608738	rs78960955	188608738
chr2	944751	rs6709265	250195372
chr2	62081149	rs779130938	311331770
chr2	122661678	rs144192625	371912299
chr2	185992438	rs187574396	435243059
chr3	767922	rs35728698	493217916
chr3	66364363	rs577715628	558814357
chr3	126238291	rs79362891	618688285
chr3	186829835	rs60245823	679279829
chr4	53351394	rs1459818	743823818
chr4	109981851	rs373490671	800454275
chr4	176484276	rs554331524	866956700
chr5	41782667	rs143689402	923409367
chr5	107406609	rs76173906	989033309
chr5	169110268	rs115346897	1050736968
chr6	50633381	rs280322	1113175341
chr6	106069123	rs143443164	1168611083
chr6	170130456	rs77972667	1232672416
chr7	64335107	rs12667282	1297992134
chr7	120556518	rs74682178	1354213545
chr8	26779410	rs7814415	1419575100
chr8	89462937	rs62525788	1482258627
chr9	4814110	rs117309097	1543973822
chr9	36924615	rs141525327	1576084327
chr9	127709195	rs79187705	1666868907
chr10	38142496	rs189157825	1718515639
chr10	111083534	rs112423231	1791456677
chr11	37598699	rs11034243	1853506589
chr11	98753299	rs2406497	1914661189
chr12	25512632	rs12580850	1976427038
chr12	86660049	rs57977247	2037574455
chr12	131937213	rs2895144	2082851619
chr13	76776921	rs553039760	2161543222
chr14	23178307	rs10147497	2223114486
chr14	84276037	rs7145520	2284212216
chr15	39152275	rs77457480	2346437994
chr15	99675434	rs773508196	2406961153
chr16	60130414	rs538382280	2469947525
chr17	15021543	rs117116384	2515193407
chr18	7136174	rs6506477	2588503248
chr18	68397820	rs141323397	2649764894
chr19	56023039	rs607457	2715467361
chr20	58811146	rs184019348	2777384451
chr21	44018611	rs144245616	2825617436
chrX	15623374	rs112312217	2896656660
chrX	80548897	rs2336890	2961582183
chrX	143675694	rs5987325	3024708980
